{
  "Quantum SVM": {
    "accuracy": 0.5,
    "precision": 0.625,
    "recall": 0.625,
    "f1": 0.625,
    "auc_roc": 0.6875
  },
  "Logistic Regression": {
    "accuracy": 0.715,
    "precision": 0.6472602739726028,
    "recall": 0.945,
    "f1": 0.7682926829268292,
    "auc_roc": 0.8661999999999999
  },
  "Random Forest": {
    "accuracy": 0.7375,
    "precision": 0.7595628415300546,
    "recall": 0.695,
    "f1": 0.7258485639686683,
    "auc_roc": 0.83915
  },
  "CNN": {
    "accuracy": 0.5,
    "precision": 0.0,
    "recall": 0.0,
    "f1": 0.0,
    "auc_roc": 0.5976125
  }
}